{
    "4": {
        "interval": [125e9, 163e9], 
        "rms": 8.143835946365467e-6,
        "obs_nu": 144e9
    },
    "6": {
        "interval": [211e9, 275e9],
        "rms": 11.372878243152044e-6,
        "obs_nu": 243e9
    },
    "8": {
        "interval": [385e9, 500e9],
        "rms": 112.62614078659155e-6,
        "obs_nu": 442.5e9
    },
    "<example_band>": {
        "interval": ["<GHz>", "<GHz>"],
        "rms": "<uJy>",
        "obs_nu": "<GHz>"
    }
}